Workbook

Sheet Conf_Listas
A1: Empleados | B1: Correo | C1: Cientes | D1: Departamento
A2: Andres Bautista Maricruz | B2: maricruz@partumdesign.com.mx | C2: HAFTEN | D2: RH
A3: Lopez Lopez Brayan Fernando | B3: bryan.lopez@partumdesign.com.mx | C3: Efficient Plastic Colors | D3: Finanzas
A4: Rocha Colin Berenice | B4: berenice@partumdesign.com.mx | C4: Regreso al Origen | D4: Diseño
A5: Samperio Sanchez Fernanda Abigail | B5: fernanda@partumdesign.com.mx | C5: BIOS | D5: Diseño web
A6: Sanchez Ramos Pamela Anaid | C6: SMART STORANGE | D6: Admin. Páginas
A7: Valenzo Rodriguez Alejandra Gabriela | B7: gabriela.valenzo@partumdesign.com.mx | C7: CIYÉ
A8: Perla Guadalupe Ureña Carbajal | B8: perla@indusecc.com.mx | C8: NESGAR
C9: MARACE MARKETING EPICO
C10: Repissa
C11: SUSS Consulting
C12: PUBLIMAX
C13: MC Spin
C14: PARTUM
C15: INDUSECC
C16: Xigma
C17: Synergen Talent

Sheet Cronograma Mayo 2026
A1: Fecha de inicio | B1: Fecha de entrega | C1: Mes | D1: Colaborador | E1: Correo | F1: Cliente | G1: Departamento | H1: Actividad | I1: %Avance | J1: Estado | K1: Retrasos | L1: Notas
A2: 46082 | B2: 46161 | C2: =TEXT(B2,"MMMM") -> mayo | D2: Perla Guadalupe Ureña Carbajal | E2: {=IF(D2:D1000="","",IFERROR(VLOOKUP(D2:D1000,Conf_Listas!A:B,2,FALSE),""))} -> perla@indusecc.com.mx | F2: SMART STORANGE | G2: Diseño | H2: Prueba | I2: 0.8 | J2: =IF(I2=0%,"Sin iniciar",IF(I2=1%,"En progreso",IF(I2<100%,"En progreso","Completado"))) -> En progreso | K2: =IF(AND(ISBLANK(A2),ISBLANK(B2)),"❌ Cancelado", IF(ISBLANK(B2),"⏸️ En pausa", IF(AND(TODAY()>B2,J2<>"Completado"),"⚠️ Vencida", IF(J2="Completado","✅ OK", IF(J2="En progreso","✅ OK", IF(J2="Sin iniciar","Sin iniciar","")))))) -> ✅ OK
C3: =TEXT(B3,"MMMM") -> diciembre | D3: Sanchez Ramos Pamela Anaid | F3: SMART STORANGE | G3: Admin. Páginas | I3: 0.09 | J3: =IF(I3=0%,"Sin iniciar",IF(I3=1%,"En progreso",IF(I3<100%,"En progreso","Completado"))) -> En progreso | K3: =IF(AND(ISBLANK(A3),ISBLANK(B3)),"❌ Cancelado", IF(ISBLANK(B3),"⏸️ En pausa", IF(AND(TODAY()>B3,J3<>"Completado"),"⚠️ Vencida", IF(J3="Completado","✅ OK", IF(J3="En progreso","✅ OK", IF(J3="Sin iniciar","Sin iniciar","")))))) -> ❌ Cancelado
C4: =TEXT(B4,"MMMM") -> diciembre | D4: Rocha Colin Berenice | E4: berenice@partumdesign.com.mx | F4: Efficient Plastic Colors | G4: Finanzas | I4: 0.08 | J4: =IF(I4=0%,"Sin iniciar",IF(I4=1%,"En progreso",IF(I4<100%,"En progreso","Completado"))) -> En progreso | K4: =IF(AND(ISBLANK(A4),ISBLANK(B4)),"❌ Cancelado", IF(ISBLANK(B4),"⏸️ En pausa", IF(AND(TODAY()>B4,J4<>"Completado"),"⚠️ Vencida", IF(J4="Completado","✅ OK", IF(J4="En progreso","✅ OK", IF(J4="Sin iniciar","Sin iniciar","")))))) -> ❌ Cancelado
C5: =TEXT(B5,"MMMM") -> diciembre | D5: Sanchez Ramos Pamela Anaid | F5: PARTUM | G5: Diseño web | I5: 0.9 | J5: =IF(I5=0%,"Sin iniciar",IF(I5=1%,"En progreso",IF(I5<100%,"En progreso","Completado"))) -> En progreso | K5: =IF(AND(ISBLANK(A5),ISBLANK(B5)),"❌ Cancelado", IF(ISBLANK(B5),"⏸️ En pausa", IF(AND(TODAY()>B5,J5<>"Completado"),"⚠️ Vencida", IF(J5="Completado","✅ OK", IF(J5="En progreso","✅ OK", IF(J5="Sin iniciar","Sin iniciar","")))))) -> ❌ Cancelado
C6: =TEXT(B6,"MMMM") -> diciembre | D6: Lopez Lopez Brayan Fernando | E6: bryan.lopez@partumdesign.com.mx | F6: SUSS Consulting | I6: 1 | J6: =IF(I6=0%,"Sin iniciar",IF(I6=1%,"En progreso",IF(I6<100%,"En progreso","Completado"))) -> Completado | K6: =IF(AND(ISBLANK(A6),ISBLANK(B6)),"❌ Cancelado", IF(ISBLANK(B6),"⏸️ En pausa", IF(AND(TODAY()>B6,J6<>"Completado"),"⚠️ Vencida", IF(J6="Completado","✅ OK", IF(J6="En progreso","✅ OK", IF(J6="Sin iniciar","Sin iniciar","")))))) -> ❌ Cancelado
C7: =TEXT(B7,"MMMM") -> diciembre | D7: Samperio Sanchez Fernanda Abigail | E7: fernanda@partumdesign.com.mx | F7: SMART STORANGE | G7: Diseño | I7: 0.7 | J7: =IF(I7=0%,"Sin iniciar",IF(I7=1%,"En progreso",IF(I7<100%,"En progreso","Completado"))) -> En progreso | K7: =IF(AND(ISBLANK(A7),ISBLANK(B7)),"❌ Cancelado", IF(ISBLANK(B7),"⏸️ En pausa", IF(AND(TODAY()>B7,J7<>"Completado"),"⚠️ Vencida", IF(J7="Completado","✅ OK", IF(J7="En progreso","✅ OK", IF(J7="Sin iniciar","Sin iniciar","")))))) -> ❌ Cancelado
C8: =TEXT(B8,"MMMM") -> diciembre | D8: Perla Guadalupe Ureña Carbajal | E8: perla@indusecc.com.mx | I8: 1 | J8: =IF(I8=0%,"Sin iniciar",IF(I8=1%,"En progreso",IF(I8<100%,"En progreso","Completado"))) -> Completado | K8: =IF(AND(ISBLANK(A8),ISBLANK(B8)),"❌ Cancelado", IF(ISBLANK(B8),"⏸️ En pausa", IF(AND(TODAY()>B8,J8<>"Completado"),"⚠️ Vencida", IF(J8="Completado","✅ OK", IF(J8="En progreso","✅ OK", IF(J8="Sin iniciar","Sin iniciar","")))))) -> ❌ Cancelado
C9: =TEXT(B9,"MMMM") -> diciembre | D9: Samperio Sanchez Fernanda Abigail | E9: fernanda@partumdesign.com.mx | I9: 0.09 | J9: =IF(I9=0,"Sin iniciar",IF(I9=1,"En progreso",IF(I9<100,"En progreso","Completado"))) -> En progreso | K9: =IF(AND(ISBLANK(A9),ISBLANK(B9)),"❌ Cancelado", IF(ISBLANK(B9),"⏸️ En pausa", IF(AND(TODAY()>B9,J9<>"Completado"),"⚠️ Vencida", IF(J9="Completado","✅ OK", IF(J9="En progreso","✅ OK", IF(J9="Sin iniciar","Sin iniciar","")))))) -> ❌ Cancelado
C10: =TEXT(B10,"MMMM") -> diciembre | D10: Rocha Colin Berenice | E10: berenice@partumdesign.com.mx | J10: =IF(I10=0,"Sin iniciar",IF(I10=1,"En progreso",IF(I10<100,"En progreso","Completado"))) -> Sin iniciar | K10: =IF(AND(ISBLANK(A10),ISBLANK(B10)),"❌ Cancelado", IF(ISBLANK(B10),"⏸️ En pausa", IF(AND(TODAY()>B10,J10<>"Completado"),"⚠️ Vencida", IF(J10="Completado","✅ OK", IF(J10="En progreso","✅ OK", IF(J10="Sin iniciar","Sin iniciar","")))))) -> ❌ Cancelado
C11: =TEXT(B11,"MMMM") -> diciembre | D11: Valenzo Rodriguez Alejandra Gabriela | E11: gabriela.valenzo@partumdesign.com.mx | F11: SMART STORANGE | J11: =IF(I11=0,"Sin iniciar",IF(I11=1,"En progreso",IF(I11<100,"En progreso","Completado"))) -> Sin iniciar | K11: =IF(AND(ISBLANK(A11),ISBLANK(B11)),"❌ Cancelado", IF(ISBLANK(B11),"⏸️ En pausa", IF(AND(TODAY()>B11,J11<>"Completado"),"⚠️ Vencida", IF(J11="Completado","✅ OK", IF(J11="En progreso","✅ OK", IF(J11="Sin iniciar","Sin iniciar","")))))) -> ❌ Cancelado
C12: =TEXT(B12,"MMMM") -> diciembre | D12: Lopez Lopez Brayan Fernando | E12: bryan.lopez@partumdesign.com.mx | J12: =IF(I12=0,"Sin iniciar",IF(I12=1,"En progreso",IF(I12<100,"En progreso","Completado"))) -> Sin iniciar | K12: =IF(AND(ISBLANK(A12),ISBLANK(B12)),"❌ Cancelado", IF(ISBLANK(B12),"⏸️ En pausa", IF(AND(TODAY()>B12,J12<>"Completado"),"⚠️ Vencida", IF(J12="Completado","✅ OK", IF(J12="En progreso","✅ OK", IF(J12="Sin iniciar","Sin iniciar","")))))) -> ❌ Cancelado
C13: =TEXT(B13,"MMMM") -> diciembre | D13: Lopez Lopez Brayan Fernando | E13: bryan.lopez@partumdesign.com.mx | J13: =IF(I13=0,"Sin iniciar",IF(I13=1,"En progreso",IF(I13<100,"En progreso","Completado"))) -> Sin iniciar | K13: =IF(AND(ISBLANK(A13),ISBLANK(B13)),"❌ Cancelado", IF(ISBLANK(B13),"⏸️ En pausa", IF(AND(TODAY()>B13,J13<>"Completado"),"⚠️ Vencida", IF(J13="Completado","✅ OK", IF(J13="En progreso","✅ OK", IF(J13="Sin iniciar","Sin iniciar","")))))) -> ❌ Cancelado
C14: =TEXT(B14,"MMMM") -> diciembre | D14: Valenzo Rodriguez Alejandra Gabriela | E14: gabriela.valenzo@partumdesign.com.mx | J14: =IF(I14=0,"Sin iniciar",IF(I14=1,"En progreso",IF(I14<100,"En progreso","Completado"))) -> Sin iniciar | K14: =IF(AND(ISBLANK(A14),ISBLANK(B14)),"❌ Cancelado", IF(ISBLANK(B14),"⏸️ En pausa", IF(AND(TODAY()>B14,J14<>"Completado"),"⚠️ Vencida", IF(J14="Completado","✅ OK", IF(J14="En progreso","✅ OK", IF(J14="Sin iniciar","Sin iniciar","")))))) -> ❌ Cancelado
C15: =TEXT(B15,"MMMM") -> diciembre | D15: Andres Bautista Maricruz | E15: maricruz@partumdesign.com.mx | J15: =IF(I15=0,"Sin iniciar",IF(I15=1,"En progreso",IF(I15<100,"En progreso","Completado"))) -> Sin iniciar | K15: =IF(AND(ISBLANK(A15),ISBLANK(B15)),"❌ Cancelado", IF(ISBLANK(B15),"⏸️ En pausa", IF(AND(TODAY()>B15,J15<>"Completado"),"⚠️ Vencida", IF(J15="Completado","✅ OK", IF(J15="En progreso","✅ OK", IF(J15="Sin iniciar","Sin iniciar","")))))) -> ❌ Cancelado
C16: =TEXT(B16,"MMMM") -> diciembre | D16: Andres Bautista Maricruz | E16: maricruz@partumdesign.com.mx | J16: =IF(I16=0,"Sin iniciar",IF(I16=1,"En progreso",IF(I16<100,"En progreso","Completado"))) -> Sin iniciar | K16: =IF(AND(ISBLANK(A16),ISBLANK(B16)),"❌ Cancelado", IF(ISBLANK(B16),"⏸️ En pausa", IF(AND(TODAY()>B16,J16<>"Completado"),"⚠️ Vencida", IF(J16="Completado","✅ OK", IF(J16="En progreso","✅ OK", IF(J16="Sin iniciar","Sin iniciar","")))))) -> ❌ Cancelado
C17: =TEXT(B17,"MMMM") -> diciembre | D17: Andres Bautista Maricruz | E17: maricruz@partumdesign.com.mx | J17: =IF(I17=0,"Sin iniciar",IF(I17=1,"En progreso",IF(I17<100,"En progreso","Completado"))) -> Sin iniciar | K17: =IF(AND(ISBLANK(A17),ISBLANK(B17)),"❌ Cancelado", IF(ISBLANK(B17),"⏸️ En pausa", IF(AND(TODAY()>B17,J17<>"Completado"),"⚠️ Vencida", IF(J17="Completado","✅ OK", IF(J17="En progreso","✅ OK", IF(J17="Sin iniciar","Sin iniciar","")))))) -> ❌ Cancelado
C18: =TEXT(B18,"MMMM") -> diciembre | D18: Andres Bautista Maricruz | E18: maricruz@partumdesign.com.mx | J18: =IF(I18=0,"Sin iniciar",IF(I18=1,"En progreso",IF(I18<100,"En progreso","Completado"))) -> Sin iniciar | K18: =IF(AND(ISBLANK(A18),ISBLANK(B18)),"❌ Cancelado", IF(ISBLANK(B18),"⏸️ En pausa", IF(AND(TODAY()>B18,J18<>"Completado"),"⚠️ Vencida", IF(J18="Completado","✅ OK", IF(J18="En progreso","✅ OK", IF(J18="Sin iniciar","Sin iniciar","")))))) -> ❌ Cancelado
C19: =TEXT(B19,"MMMM") -> diciembre | D19: Andres Bautista Maricruz | E19: maricruz@partumdesign.com.mx | J19: =IF(I19=0,"Sin iniciar",IF(I19=1,"En progreso",IF(I19<100,"En progreso","Completado"))) -> Sin iniciar | K19: =IF(AND(ISBLANK(A19),ISBLANK(B19)),"❌ Cancelado", IF(ISBLANK(B19),"⏸️ En pausa", IF(AND(TODAY()>B19,J19<>"Completado"),"⚠️ Vencida", IF(J19="Completado","✅ OK", IF(J19="En progreso","✅ OK", IF(J19="Sin iniciar","Sin iniciar","")))))) -> ❌ Cancelado
C20: =TEXT(B20,"MMMM") -> diciembre | D20: Andres Bautista Maricruz | E20: maricruz@partumdesign.com.mx | J20: =IF(I20=0,"Sin iniciar",IF(I20=1,"En progreso",IF(I20<100,"En progreso","Completado"))) -> Sin iniciar | K20: =IF(AND(ISBLANK(A20),ISBLANK(B20)),"❌ Cancelado", IF(ISBLANK(B20),"⏸️ En pausa", IF(AND(TODAY()>B20,J20<>"Completado"),"⚠️ Vencida", IF(J20="Completado","✅ OK", IF(J20="En progreso","✅ OK", IF(J20="Sin iniciar","Sin iniciar","")))))) -> ❌ Cancelado
C21: =TEXT(B21,"MMMM") -> diciembre | D21: Andres Bautista Maricruz | E21: maricruz@partumdesign.com.mx | J21: =IF(I21=0,"Sin iniciar",IF(I21=1,"En progreso",IF(I21<100,"En progreso","Completado"))) -> Sin iniciar | K21: =IF(AND(ISBLANK(A21),ISBLANK(B21)),"❌ Cancelado", IF(ISBLANK(B21),"⏸️ En pausa", IF(AND(TODAY()>B21,J21<>"Completado"),"⚠️ Vencida", IF(J21="Completado","✅ OK", IF(J21="En progreso","✅ OK", IF(J21="Sin iniciar","Sin iniciar","")))))) -> ❌ Cancelado
C22: =TEXT(B22,"MMMM") -> diciembre | D22: Andres Bautista Maricruz | E22: maricruz@partumdesign.com.mx | J22: =IF(I22=0,"Sin iniciar",IF(I22=1,"En progreso",IF(I22<100,"En progreso","Completado"))) -> Sin iniciar | K22: =IF(AND(ISBLANK(A22),ISBLANK(B22)),"❌ Cancelado", IF(ISBLANK(B22),"⏸️ En pausa", IF(AND(TODAY()>B22,J22<>"Completado"),"⚠️ Vencida", IF(J22="Completado","✅ OK", IF(J22="En progreso","✅ OK", IF(J22="Sin iniciar","Sin iniciar","")))))) -> ❌ Cancelado
C23: =TEXT(B23,"MMMM") -> diciembre | D23: Andres Bautista Maricruz | E23: maricruz@partumdesign.com.mx | J23: =IF(I23=0,"Sin iniciar",IF(I23=1,"En progreso",IF(I23<100,"En progreso","Completado"))) -> Sin iniciar | K23: =IF(AND(ISBLANK(A23),ISBLANK(B23)),"❌ Cancelado", IF(ISBLANK(B23),"⏸️ En pausa", IF(AND(TODAY()>B23,J23<>"Completado"),"⚠️ Vencida", IF(J23="Completado","✅ OK", IF(J23="En progreso","✅ OK", IF(J23="Sin iniciar","Sin iniciar","")))))) -> ❌ Cancelado
... C184: =TEXT(B184,"MMMM") -> diciembre | D184: Andres Bautista Maricruz | E184: maricruz@partumdesign.com.mx | J184: =IF(I184=0,"Sin iniciar",IF(I184=1,"En progreso",IF(I184<100,"En progreso","Completado"))) -> Sin iniciar | K184: =IF(AND(ISBLANK(A184),ISBLANK(B184)),"❌ Cancelado", IF(ISBLANK(B184),"⏸️ En pausa", IF(AND(TODAY()>B184,J184<>"Completado"),"⚠️ Vencida", IF(J184="Completado","✅ OK", IF(J184="En progreso","✅ OK", IF(J184="Sin iniciar","Sin iniciar","")))))) -> ❌ Cancelado

Sheet Dashboard
A2: TABLA 1 :Estado general de los proyectos | D2: TABLA 3: Desempeño por colaborador | J2: TABLA 5: Avance promedio
A9: TABLA 2: Proyectos en tiempo vs fuera de tiempo
B20: Tarjetas de puntuación
B21: KPI 1: % Avance Global (Promedio de todas las tareas).
D22: KPI de Desempeño Integral (0-100)
A23: Colaborador | B23: % Avance Real | C23: Calidad | D23: Índice de Desempeño
A24: Lopez Lopez Brayan Fernando | B24: =IFERROR(AVERAGEIF('Cronograma Mayo 2026'!D:D, A24, 'Cronograma Mayo 2026'!I:I), 0) -> 1 | C24: =IFERROR(__xludf.DUMMYFUNCTION("IFERROR( AVERAGE( FILTER('Respuestas de formulario 1'!E:L, 'Respuestas de formulario 1'!B:B = A2) ), 0 )"),0.0) -> 0 | D24: =IF(AND(B24>0, C24>0), ( (B24 * 100) + (C24 * 20) ) / 2, 0) -> 0
A25: Andres Bautista Maricruz | B25: =IFERROR(AVERAGEIF('Cronograma Mayo 2026'!D:D, A25, 'Cronograma Mayo 2026'!I:I), 0) -> 0 | C25: =IFERROR(__xludf.DUMMYFUNCTION("IFERROR( AVERAGE( FILTER('Respuestas de formulario 1'!E:L, 'Respuestas de formulario 1'!B:B = A3) ), 0 )"),0.0) -> 0 | D25: =IF(AND(B25>0, C25>0), ( (B25 * 100) + (C25 * 20) ) / 2, 0) -> 0
A26: Rocha Colin Berenice | B26: =IFERROR(AVERAGEIF('Cronograma Mayo 2026'!D:D, A26, 'Cronograma Mayo 2026'!I:I), 0) -> 0.08 | C26: =IFERROR(__xludf.DUMMYFUNCTION("IFERROR( AVERAGE( FILTER('Respuestas de formulario 1'!E:L, 'Respuestas de formulario 1'!B:B = A4) ), 0 )"),0.0) -> 0 | D26: =IF(AND(B26>0, C26>0), ( (B26 * 100) + (C26 * 20) ) / 2, 0) -> 0
A27: Samperio Sanchez Fernanda Abigail | B27: =IFERROR(AVERAGEIF('Cronograma Mayo 2026'!D:D, A27, 'Cronograma Mayo 2026'!I:I), 0) -> 0.395 | C27: =IFERROR(__xludf.DUMMYFUNCTION("IFERROR( AVERAGE( FILTER('Respuestas de formulario 1'!E:L, 'Respuestas de formulario 1'!B:B = A5) ), 0 )"),0.0) -> 0 | D27: =IF(AND(B27>0, C27>0), ( (B27 * 100) + (C27 * 20) ) / 2, 0) -> 0
A28: Sanchez Ramos Pamela Anaid | B28: =IFERROR(AVERAGEIF('Cronograma Mayo 2026'!D:D, A28, 'Cronograma Mayo 2026'!I:I), 0) -> 0.495 | C28: =IFERROR(__xludf.DUMMYFUNCTION("IFERROR( AVERAGE( FILTER('Respuestas de formulario 1'!E:L, 'Respuestas de formulario 1'!B:B = A6) ), 0 )"),0.0) -> 0 | D28: =IF(AND(B28>0, C28>0), ( (B28 * 100) + (C28 * 20) ) / 2, 0) -> 0
A29: Valenzo Rodriguez Alejandra Gabriela | B29: =IFERROR(AVERAGEIF('Cronograma Mayo 2026'!D:D, A29, 'Cronograma Mayo 2026'!I:I), 0) -> 0 | C29: =IFERROR(__xludf.DUMMYFUNCTION("IFERROR( AVERAGE( FILTER('Respuestas de formulario 1'!E:L, 'Respuestas de formulario 1'!B:B = A7) ), 0 )"),0.0) -> 0 | D29: =IF(AND(B29>0, C29>0), ( (B29 * 100) + (C29 * 20) ) / 2, 0) -> 0
A30: Valenzo Rodriguez Alejandra Gabriela, Perla Guadalupe Ureña Carbajal | B30: =IFERROR(AVERAGEIF('Cronograma Mayo 2026'!D:D, A30, 'Cronograma Mayo 2026'!I:I), 0) -> 0 | C30: =IFERROR(__xludf.DUMMYFUNCTION("IFERROR( AVERAGE( FILTER('Respuestas de formulario 1'!E:L, 'Respuestas de formulario 1'!B:B = A8) ), 0 )"),0.0) -> 0 | D30: =IF(AND(B30>0, C30>0), ( (B30 * 100) + (C30 * 20) ) / 2, 0) -> 0

Sheet Evaluación direccion Gral
A1: Marca temporal | B1: Seleccione al colaborador a evaluar | C1: Columna 2 | D1: Seleccione el departamento correspondiente | E1: ¿El entregable o tarea cumplió con los estándares de excelencia requeridos sin necesidad de retrabajo? | F1: ¿Tomó en cuenta y aplicó los comentarios de mejora indicados previamente? | G1: ¿El colaborador respetó los tiempos de entrega pactados en el sistema de tareas? | H1: ¿Qué tanta supervisión requirió el colaborador para finalizar la tarea con éxito? | I1: ¿Qué tanto contribuyó el trabajo de esta persona al éxito final del proyecto o departamento? | J1: ¿Fue capaz de resolver problemas de manera eficiente en sus actividades diarias? | K1: ¿El colaborador propuso mejoras o soluciones ante imprevistos durante la ejecución? | L1: ¿Mantuvo un seguimiento adecuado y oportuno con los clientes? | M1: Describa el punto más fuerte del colaborador en este periodo. | N1: ¿En qué competencia técnica o blanda necesita reforzar para subir su nivel? | O1: Observaciones adicionales
